model,split,log_loss,brier,rps,accuracy,calibration_error,sharpness,n_matches,feature_set,C,half_life_years
class_prior,2018,1.0610451868526076,0.6404636621067644,0.22589973990347562,0.46609257265877285,0.020741906102509033,0.4868344787612819,929,baseline,,
elo_logistic,2018,0.9543231427824903,0.5668417452499117,0.19027219744287502,0.5468245425188375,0.02283316965369583,0.555499249979943,929,baseline,,
base__c0.03__hl4.0,2018,0.9358244626632176,0.5550215874659187,0.18605500590817353,0.5479009687836384,0.020113256216912453,0.5629723649244901,929,base,0.03,4.0
base__c0.03__hl8.0,2018,0.937621125242399,0.5558750110695133,0.1863365821772709,0.5479009687836384,0.023152066941143197,0.5643624315239613,929,base,0.03,8.0
base__c0.03__hl12.0,2018,0.9384336409706798,0.5562867963223573,0.18646574747735853,0.55005382131324,0.021225572340134606,0.5651337166243015,929,base,0.03,12.0
base__c0.1__hl4.0,2018,0.9350873571917239,0.5542529905063456,0.1857384242298143,0.5489773950484392,0.019994097453599573,0.5634586610532746,929,base,0.1,4.0
base__c0.1__hl8.0,2018,0.9364674788095638,0.554843670646654,0.18591802622145145,0.5511302475780409,0.02078351045181111,0.5647924757699784,929,base,0.1,8.0
base__c0.1__hl12.0,2018,0.9371183255735503,0.5551176497527405,0.18599496779216948,0.5511302475780409,0.02376375854968291,0.5656231938334089,929,base,0.1,12.0
base__c0.3__hl4.0,2018,0.9346043831609409,0.5536179762716218,0.18544557307441825,0.5522066738428417,0.01959363676066702,0.5635816603834056,929,base,0.3,4.0
base__c0.3__hl8.0,2018,0.9356657741875143,0.554007558730624,0.18557572429434743,0.5489773950484392,0.021110805303917738,0.564826009258796,929,base,0.3,8.0
base__c0.3__hl12.0,2018,0.9363488251690625,0.5543148297874302,0.18566559703412103,0.55005382131324,0.02259906789610993,0.5656818713192053,929,base,0.3,12.0
base__c1.0__hl4.0,2018,0.9341988883410195,0.5530986375272877,0.1851926577036175,0.5522066738428417,0.018555062758844845,0.5635080024556114,929,base,1.0,4.0
base__c1.0__hl8.0,2018,0.9358581229563919,0.5539371653577595,0.1855189283433009,0.5446716899892358,0.02541841090885938,0.5646179858613276,929,base,1.0,8.0
base__c1.0__hl12.0,2018,0.9363018757177879,0.5540228714244648,0.18549939548567332,0.5446716899892358,0.026969415135283677,0.5654765564498471,929,base,1.0,12.0
advanced__c0.03__hl4.0,2018,0.933305081386492,0.5534252534924475,0.18497475554136616,0.55005382131324,0.027341584433998527,0.557367151163694,929,advanced,0.03,4.0
advanced__c0.03__hl8.0,2018,0.9339467671381773,0.5538315961285709,0.18517303866377077,0.55005382131324,0.028116402581676688,0.5573816608537565,929,advanced,0.03,8.0
advanced__c0.03__hl12.0,2018,0.9343689139888316,0.5540604816205063,0.18527893645831547,0.55005382131324,0.027127669000253433,0.5571719859503339,929,advanced,0.03,12.0
advanced__c0.1__hl4.0,2018,0.9325024921964468,0.5525673575686726,0.18462587099792244,0.5532831001076426,0.025728747639812043,0.558481718385942,929,advanced,0.1,4.0
advanced__c0.1__hl8.0,2018,0.9330156531386854,0.5529306090510243,0.18479647962371382,0.5554359526372443,0.021150711826668823,0.5587837188017087,929,advanced,0.1,8.0
advanced__c0.1__hl12.0,2018,0.9332595586118213,0.5530560297292698,0.18485571506593532,0.5554359526372443,0.028549244351172256,0.558384497094566,929,advanced,0.1,12.0
advanced__c0.3__hl4.0,2018,0.9320622984682355,0.5519108897406468,0.18434108375635383,0.5522066738428417,0.02831154229352358,0.5588415313166539,929,advanced,0.3,4.0
advanced__c0.3__hl8.0,2018,0.9321633431388077,0.5520914020234649,0.18443874188300322,0.5532831001076426,0.033015026107771205,0.5589437482457569,929,advanced,0.3,8.0
advanced__c0.3__hl12.0,2018,0.9323853789775741,0.5522299728291287,0.1845150512746517,0.5543595263724435,0.03590641617062523,0.5588236677880495,929,advanced,0.3,12.0
advanced__c1.0__hl4.0,2018,0.9318308433163249,0.5515109099006016,0.18415918978760026,0.5575888051668461,0.022265432394811092,0.559112819547076,929,advanced,1.0,4.0
advanced__c1.0__hl8.0,2018,0.9322703320965204,0.5519356162287269,0.18438036197340488,0.5543595263724435,0.024063499667148575,0.5595408625707293,929,advanced,1.0,8.0
advanced__c1.0__hl12.0,2018,0.9323248690177058,0.5519343253207342,0.1843697553859036,0.5554359526372443,0.03287202719988381,0.5588834673057037,929,advanced,1.0,12.0
compact__c0.03__hl4.0,2018,0.933987496017268,0.5540375159326697,0.18517994849454167,0.5618945102260495,0.008427987735606216,0.5553094414142755,929,compact,0.03,4.0
compact__c0.03__hl8.0,2018,0.9349239912667143,0.5545971567276864,0.1853928449220989,0.5532831001076426,0.018954118249775796,0.5585417617610163,929,compact,0.03,8.0
compact__c0.03__hl12.0,2018,0.9356373638285873,0.5550257709224897,0.18554798674034242,0.5522066738428417,0.024399363103556816,0.5596039373895979,929,compact,0.03,12.0
compact__c0.1__hl4.0,2018,0.9320227091756886,0.5527038713846473,0.18468868458185111,0.5629709364908504,0.018811855853795988,0.5570567763878853,929,compact,0.1,4.0
compact__c0.1__hl8.0,2018,0.9330517905276343,0.5532917648615117,0.18488599187594104,0.5522066738428417,0.01669887722079101,0.5600062195883257,929,compact,0.1,8.0
compact__c0.1__hl12.0,2018,0.9334685122078525,0.5534959533415927,0.18495486264096855,0.5511302475780409,0.014596716739616362,0.5610535747915287,929,compact,0.1,12.0
compact__c0.3__hl4.0,2018,0.930471032643516,0.5515529232613362,0.1842221405985538,0.5608180839612487,0.014316228706501146,0.5574214708672315,929,compact,0.3,4.0
compact__c0.3__hl8.0,2018,0.931194786348955,0.5519006613618024,0.1843216509789422,0.5565123789020452,0.022315858296578357,0.5603272442338548,929,compact,0.3,8.0
compact__c0.3__hl12.0,2018,0.9317426824667248,0.5521887021893938,0.1844050636192971,0.5532831001076426,0.018834717828358525,0.5611181605345135,929,compact,0.3,12.0
compact__c1.0__hl4.0,2018,0.9294650101861105,0.5508060119294697,0.18390309534903723,0.5618945102260495,0.018232263662424045,0.5574877660120755,929,compact,1.0,4.0
compact__c1.0__hl8.0,2018,0.9299832530990259,0.5509767380055081,0.1839497531721848,0.5608180839612487,0.013820565049768726,0.5605569388392824,929,compact,1.0,8.0
compact__c1.0__hl12.0,2018,0.9308660747888473,0.5515125398857676,0.1841094111897804,0.5608180839612487,0.015001900200920919,0.5615084594124593,929,compact,1.0,12.0
class_prior,2021,1.04502334546284,0.6295193872647714,0.22747390300668135,0.48699551569506727,0.0013865763068283687,0.4856089393882389,1115,baseline,,
elo_logistic,2021,0.8110173311894019,0.4729951025845761,0.15226266219457021,0.6439461883408072,0.033767592487295155,0.6185329256337042,1115,baseline,,
base__c0.03__hl4.0,2021,0.807265814662923,0.47018799913537757,0.15081954842002637,0.6493273542600897,0.028999085369706707,0.6234089937954134,1115,base,0.03,4.0
base__c0.03__hl8.0,2021,0.8056745478321893,0.4693483975012979,0.15066220063851343,0.6502242152466368,0.028411636733133704,0.624776825579233,1115,base,0.03,8.0
base__c0.03__hl12.0,2021,0.8052814214546888,0.46915969935228435,0.15065428271843662,0.6475336322869956,0.025147111225553836,0.625895047113362,1115,base,0.03,12.0
base__c0.1__hl4.0,2021,0.8066680661538953,0.46982647792524934,0.15069212127635306,0.6502242152466368,0.028709082014438437,0.6239212556157816,1115,base,0.1,4.0
base__c0.1__hl8.0,2021,0.8048700272304279,0.46887079593952996,0.15048906126589262,0.6502242152466368,0.027360280412756642,0.6253562053482097,1115,base,0.1,8.0
base__c0.1__hl12.0,2021,0.8044554318335,0.46866774303712444,0.15046505224893428,0.6475336322869956,0.025877614010609097,0.6265343365526906,1115,base,0.1,12.0
base__c0.3__hl4.0,2021,0.806480302044412,0.4696878495454985,0.1506562149186297,0.6484304932735426,0.026755009499847805,0.6242308977843829,1115,base,0.3,4.0
base__c0.3__hl8.0,2021,0.8043129931139418,0.4685266419683211,0.15037214263877244,0.6520179372197309,0.027588148290983917,0.625935063458365,1115,base,0.3,8.0
base__c0.3__hl12.0,2021,0.8039010470243272,0.4683128157831619,0.15033766947761484,0.6484304932735426,0.02280573554729892,0.6271995195255919,1115,base,0.3,12.0
base__c1.0__hl4.0,2021,0.8064496167967543,0.46971094224025295,0.1507069538904257,0.6493273542600897,0.03426540798110481,0.6244617274930836,1115,base,1.0,4.0
base__c1.0__hl8.0,2021,0.8040490525777949,0.46845209830191537,0.15035866773138223,0.6511210762331838,0.0311408125778263,0.6265009091033249,1115,base,1.0,8.0
base__c1.0__hl12.0,2021,0.8034007180133612,0.46806925872279903,0.15026704900464186,0.6520179372197309,0.027001415579857573,0.627712145432444,1115,base,1.0,12.0
advanced__c0.03__hl4.0,2021,0.8017713356065397,0.4681015646296395,0.1504803956855677,0.6322869955156951,0.039256318533836654,0.6247989370281083,1115,advanced,0.03,4.0
advanced__c0.03__hl8.0,2021,0.7994138263335684,0.4664826086392858,0.14988437655472653,0.6448430493273543,0.03076160819462386,0.6256474766514126,1115,advanced,0.03,8.0
advanced__c0.03__hl12.0,2021,0.7990386961771672,0.46617879288241315,0.14977944086619635,0.6466367713004484,0.029475472476095967,0.6263346586314589,1115,advanced,0.03,12.0
advanced__c0.1__hl4.0,2021,0.8015979874857273,0.4677511623389373,0.15031220646830526,0.6340807174887892,0.040318031835780525,0.6260729060749539,1115,advanced,0.1,4.0
advanced__c0.1__hl8.0,2021,0.7989909847662753,0.46604504069796326,0.14969701590669393,0.6457399103139013,0.03472344947409558,0.6268635681949474,1115,advanced,0.1,8.0
advanced__c0.1__hl12.0,2021,0.7984435104575022,0.465658127998358,0.14957389390739895,0.6475336322869956,0.032066715286042824,0.6275241629278476,1115,advanced,0.1,12.0
advanced__c0.3__hl4.0,2021,0.8019029251858555,0.46771969155198145,0.1502688664021291,0.6340807174887892,0.04128485621669037,0.6268298559800947,1115,advanced,0.3,4.0
advanced__c0.3__hl8.0,2021,0.798845304882216,0.46576870955614763,0.14958158087538137,0.6457399103139013,0.03154482197567415,0.6277901526227693,1115,advanced,0.3,8.0
advanced__c0.3__hl12.0,2021,0.7982940934306023,0.4653896774765443,0.14945958312787536,0.6466367713004484,0.028659652670798036,0.6283719719875323,1115,advanced,0.3,12.0
advanced__c1.0__hl4.0,2021,0.8022281058029257,0.4678062948564912,0.15029952424579568,0.6358744394618834,0.041779530410221255,0.6276090855542514,1115,advanced,1.0,4.0
advanced__c1.0__hl8.0,2021,0.7990428202648382,0.46580045846634777,0.14956790947853488,0.6466367713004484,0.03293851893530235,0.6285538306849574,1115,advanced,1.0,8.0
advanced__c1.0__hl12.0,2021,0.7984057329390409,0.46535542899737314,0.14942629703339086,0.6457399103139013,0.03107599176822425,0.6290823575628228,1115,advanced,1.0,12.0
compact__c0.03__hl4.0,2021,0.7999365531025201,0.46723040623377726,0.15016559473697716,0.6403587443946188,0.03201963233759151,0.6263455093819746,1115,compact,0.03,4.0
compact__c0.03__hl8.0,2021,0.7979372453161069,0.4657936452325779,0.14959433474237394,0.6430493273542601,0.026288456950101607,0.6296529458170301,1115,compact,0.03,8.0
compact__c0.03__hl12.0,2021,0.7974097752910027,0.46540988238035863,0.14942673237226864,0.6457399103139013,0.022435772530764838,0.6316964744535015,1115,compact,0.03,12.0
compact__c0.1__hl4.0,2021,0.8001268588987175,0.4670536138352695,0.15008965073393019,0.6421524663677131,0.02742015946304943,0.6270256679048135,1115,compact,0.1,4.0
compact__c0.1__hl8.0,2021,0.7978781107237333,0.4655137774588891,0.1494907590241518,0.6439461883408072,0.02418246156461093,0.6305459063220729,1115,compact,0.1,8.0
compact__c0.1__hl12.0,2021,0.7973969700466268,0.46517304194860315,0.14934230241238977,0.6466367713004484,0.024485437508639747,0.6324842243923907,1115,compact,0.1,12.0
compact__c0.3__hl4.0,2021,0.8000834710846882,0.4668450367840732,0.14998315632651996,0.6385650224215247,0.030992834199699493,0.6279064452020686,1115,compact,0.3,4.0
compact__c0.3__hl8.0,2021,0.7975821051806469,0.46520223949661715,0.1493607968097018,0.6439461883408072,0.025045886913250888,0.6313376997581186,1115,compact,0.3,8.0
compact__c0.3__hl12.0,2021,0.7970501564845188,0.46478933170674547,0.14917682123377127,0.6475336322869956,0.0224757240145999,0.6333257453507887,1115,compact,0.3,12.0
compact__c1.0__hl4.0,2021,0.7997217671854479,0.4665265595589617,0.1498714159170029,0.6412556053811659,0.031147611943936733,0.6284072476350089,1115,compact,1.0,4.0
compact__c1.0__hl8.0,2021,0.7974040492127082,0.4649890092198193,0.14927597309816396,0.6475336322869956,0.025702568559541103,0.6319817452421213,1115,compact,1.0,8.0
compact__c1.0__hl12.0,2021,0.7967301329064714,0.46453588507405963,0.14909396582218526,0.6484304932735426,0.026306752485182733,0.6339892597247794,1115,compact,1.0,12.0
class_prior,2022,1.0391596184952725,0.6250986701080103,0.22482261635339137,0.4979381443298969,0.012273379398864803,0.4856647649310321,970,baseline,,
elo_logistic,2022,0.9330271862322863,0.5487343271016709,0.18798715196498286,0.5773195876288659,0.02181828682456415,0.5835875162539206,970,baseline,,
base__c0.03__hl4.0,2022,0.9279958023440489,0.5452768799036714,0.18544722064363167,0.5773195876288659,0.02700067709142387,0.5802833922294702,970,base,0.03,4.0
base__c0.03__hl8.0,2022,0.9235763212716886,0.5431864605163542,0.1848330575376167,0.5783505154639176,0.02490358810490425,0.5791415494142932,970,base,0.03,8.0
base__c0.03__hl12.0,2022,0.9223883664704078,0.5426177720517369,0.18466961670248627,0.5793814432989691,0.022277792348227427,0.5793379441973396,970,base,0.03,12.0
base__c0.1__hl4.0,2022,0.9277112814761627,0.544923645877406,0.1853342722224709,0.5762886597938144,0.03370593763800353,0.580469669917442,970,base,0.1,4.0
base__c0.1__hl8.0,2022,0.9228906977238834,0.5427602200862104,0.1846968914997805,0.5793814432989691,0.025902208420297085,0.5794811964028757,970,base,0.1,8.0
base__c0.1__hl12.0,2022,0.9214321511213771,0.5420598321803496,0.18450172843540838,0.5824742268041238,0.01994269038016218,0.5799138855072304,970,base,0.1,12.0
base__c0.3__hl4.0,2022,0.9281776420228803,0.5449817057758106,0.185366849457774,0.5783505154639176,0.02943933230097856,0.5811397898414611,970,base,0.3,4.0
base__c0.3__hl8.0,2022,0.9226797949540035,0.542669565882902,0.1846708243338969,0.5845360824742268,0.025192828911685533,0.5803275114863318,970,base,0.3,8.0
base__c0.3__hl12.0,2022,0.9210079534931191,0.5418014284137528,0.18438050156549793,0.5835051546391753,0.02179030491364428,0.5805064088148101,970,base,0.3,12.0
base__c1.0__hl4.0,2022,0.9287771564486219,0.5450348049269803,0.18543036226473586,0.5773195876288659,0.02727449447907694,0.581658498667825,970,base,1.0,4.0
base__c1.0__hl8.0,2022,0.9219832747303064,0.5422226875571295,0.18446417909478433,0.5876288659793815,0.032747622054764454,0.5808461147425024,970,base,1.0,8.0
base__c1.0__hl12.0,2022,0.9205560116037741,0.5414469855803111,0.18420547620185543,0.5855670103092784,0.029439925329399673,0.5810913238243192,970,base,1.0,12.0
advanced__c0.03__hl4.0,2022,0.9280661147611718,0.5463889586484242,0.18555272404262807,0.5731958762886598,0.03897429340557241,0.5792794513698353,970,advanced,0.03,4.0
advanced__c0.03__hl8.0,2022,0.9236506645250296,0.5441211499137866,0.18494262512813156,0.5845360824742268,0.028295293892339944,0.574767180322676,970,advanced,0.03,8.0
advanced__c0.03__hl12.0,2022,0.9227157209009599,0.5436490623432636,0.18484314070747707,0.5824742268041238,0.028594432769180413,0.5732128646411876,970,advanced,0.03,12.0
advanced__c0.1__hl4.0,2022,0.9274699194866128,0.5460561943955596,0.18542601716403706,0.5701030927835051,0.04379651283788629,0.5802642302038681,970,advanced,0.1,4.0
advanced__c0.1__hl8.0,2022,0.9226019444345053,0.5435535530562146,0.18475388214870694,0.5835051546391753,0.033532946629569356,0.5758148609019217,970,advanced,0.1,8.0
advanced__c0.1__hl12.0,2022,0.9217228466228431,0.54310549783744,0.18464600534361594,0.5804123711340207,0.035773924031689004,0.5741149636453174,970,advanced,0.1,12.0
advanced__c0.3__hl4.0,2022,0.9276581105711894,0.5459925981324555,0.18541214519400193,0.5762886597938144,0.03548806746804287,0.5816395829471641,970,advanced,0.3,4.0
advanced__c0.3__hl8.0,2022,0.9225922683208635,0.5435903238007512,0.1847426088738612,0.5835051546391753,0.029378751578244013,0.5767191205564098,970,advanced,0.3,8.0
advanced__c0.3__hl12.0,2022,0.9215306767173529,0.5430046365770959,0.18458285991223478,0.5814432989690722,0.031806605322762097,0.5753764305949521,970,advanced,0.3,12.0
advanced__c1.0__hl4.0,2022,0.9286004255757047,0.5462752756216297,0.18554879173807368,0.5762886597938144,0.03668923918375014,0.5828470082786195,970,advanced,1.0,4.0
advanced__c1.0__hl8.0,2022,0.9225406679552018,0.5435271884185359,0.18471698433861447,0.5824742268041238,0.02574954940404808,0.5777897704940328,970,advanced,1.0,8.0
advanced__c1.0__hl12.0,2022,0.9213303053798959,0.5428245377662344,0.18449452573149763,0.5814432989690722,0.03501415427786638,0.5761249654641802,970,advanced,1.0,12.0
compact__c0.03__hl4.0,2022,0.9259784438915908,0.5447578031788141,0.18522405758101412,0.5783505154639176,0.033640950336807855,0.5799131383260958,970,compact,0.03,4.0
compact__c0.03__hl8.0,2022,0.92185072824076,0.5426922323133896,0.18462070470032696,0.5876288659793815,0.029308184832674736,0.5780292622856502,970,compact,0.03,8.0
compact__c0.03__hl12.0,2022,0.9206596998128511,0.5420865929092963,0.18443811765235896,0.588659793814433,0.03127595432209549,0.5777401462661343,970,compact,0.03,12.0
compact__c0.1__hl4.0,2022,0.9244550672943147,0.5439191817349921,0.18479578218568937,0.5773195876288659,0.03582626359694247,0.5800446275973173,970,compact,0.1,4.0
compact__c0.1__hl8.0,2022,0.9205939923968024,0.5420362619319902,0.18427601134034632,0.5865979381443299,0.036614022964360074,0.5783420087198538,970,compact,0.1,8.0
compact__c0.1__hl12.0,2022,0.9195188151166309,0.5414852556882233,0.18413749692301384,0.588659793814433,0.03414289847924972,0.5782585913105137,970,compact,0.1,12.0
compact__c0.3__hl4.0,2022,0.9234066688225187,0.5432690857050181,0.184472896491677,0.5783505154639176,0.0378423389119336,0.5806467504170558,970,compact,0.3,4.0
compact__c0.3__hl8.0,2022,0.919514287627149,0.5413811876000224,0.1839680444961173,0.588659793814433,0.03478325981772391,0.5789746838503418,970,compact,0.3,8.0
compact__c0.3__hl12.0,2022,0.9183942186685032,0.5407912469987165,0.18382050779726455,0.5917525773195876,0.03697554279807955,0.578905644530622,970,compact,0.3,12.0
compact__c1.0__hl4.0,2022,0.9228227191898746,0.5428987020567737,0.18429521059818196,0.5845360824742268,0.02797746782153496,0.5814379121700868,970,compact,1.0,4.0
compact__c1.0__hl8.0,2022,0.9190750111355421,0.5410778517706945,0.18381517804594835,0.5855670103092784,0.03781518837566585,0.5799152540805675,970,compact,1.0,8.0
compact__c1.0__hl12.0,2022,0.9181664067813664,0.5406579504493595,0.18375166216688607,0.5896907216494846,0.037497773968775364,0.579472473778147,970,compact,1.0,12.0
class_prior,2023,1.0543544476808402,0.636923863361496,0.2342585328728022,0.4667931688804554,0.01928693159400735,0.48608010047446276,1054,baseline,,
elo_logistic,2023,0.8836327594071622,0.5189451219890209,0.177553055905318,0.6091081593927894,0.022222305770418477,0.6053552192240145,1054,baseline,,
base__c0.03__hl4.0,2023,0.855598930854712,0.5016642436648923,0.17073010786221748,0.6148007590132827,0.02939244839911593,0.6252288490299622,1054,base,0.03,4.0
base__c0.03__hl8.0,2023,0.8535709484769147,0.4999177662203437,0.1701283568901888,0.6176470588235294,0.028312308816438505,0.6249434375120306,1054,base,0.03,8.0
base__c0.03__hl12.0,2023,0.8534184552196779,0.4996204957955431,0.1700320224065566,0.6204933586337761,0.03480345426397533,0.625435327667796,1054,base,0.03,12.0
base__c0.1__hl4.0,2023,0.8545266107294162,0.5012842948991114,0.17054555057392964,0.6195445920303605,0.0335192796240378,0.6256899385032977,1054,base,0.1,4.0
base__c0.1__hl8.0,2023,0.8527185126315332,0.49965497343654414,0.16999755115842938,0.6204933586337761,0.03654219785207319,0.625425390750864,1054,base,0.1,8.0
base__c0.1__hl12.0,2023,0.8525707558724192,0.4993639169666271,0.16990678356822028,0.6233396584440227,0.03640266485168024,0.6258863328268913,1054,base,0.1,12.0
base__c0.3__hl4.0,2023,0.853768447429315,0.5009271204833706,0.17037722589106571,0.6138519924098672,0.03164168773987778,0.6257547180463481,1054,base,0.3,4.0
base__c0.3__hl8.0,2023,0.8519334038805221,0.49927830737808976,0.169812926075406,0.6204933586337761,0.03662964514229168,0.6252756773157677,1054,base,0.3,8.0
base__c0.3__hl12.0,2023,0.8516921999537167,0.4989320349668089,0.1697010402230539,0.6214421252371917,0.04070934256408582,0.6257341074457313,1054,base,0.3,12.0
base__c1.0__hl4.0,2023,0.8534212687680355,0.5007945223717638,0.17027119990896245,0.6157495256166983,0.030871618417290022,0.6260002843923318,1054,base,1.0,4.0
base__c1.0__hl8.0,2023,0.851447830062853,0.49904624956379806,0.16970317815563293,0.6204933586337761,0.033057233758741304,0.6251140158481737,1054,base,1.0,8.0
base__c1.0__hl12.0,2023,0.851543152467855,0.4988701573843531,0.16965168283825705,0.6242884250474383,0.03604066953051331,0.6255875328853889,1054,base,1.0,12.0
advanced__c0.03__hl4.0,2023,0.8523011086907238,0.5002582174853283,0.17015261212044963,0.6204933586337761,0.04234193584633232,0.6268418397012053,1054,advanced,0.03,4.0
advanced__c0.03__hl8.0,2023,0.8484906074091685,0.4974431325408382,0.16903851880615475,0.6214421252371917,0.03285271959431572,0.6244642795771769,1054,advanced,0.03,8.0
advanced__c0.03__hl12.0,2023,0.8473258638636875,0.49657971204614326,0.1686576719593856,0.6242884250474383,0.02592977910128656,0.6234799584751901,1054,advanced,0.03,12.0
advanced__c0.1__hl4.0,2023,0.8520214660052217,0.5000688895210188,0.17003773817583934,0.6195445920303605,0.04786792178285286,0.6280258314901013,1054,advanced,0.1,4.0
advanced__c0.1__hl8.0,2023,0.8483176762097402,0.4973850644102809,0.1689848374558144,0.6223908918406073,0.031014475399128685,0.6253856122770091,1054,advanced,0.1,8.0
advanced__c0.1__hl12.0,2023,0.8472873530214508,0.4966358444625254,0.16865197084592728,0.6233396584440227,0.02817066570864241,0.6242817540473545,1054,advanced,0.1,12.0
advanced__c0.3__hl4.0,2023,0.8518787385813782,0.49983718605616595,0.1699057093073875,0.6195445920303605,0.04653424086506509,0.6286638485475473,1054,advanced,0.3,4.0
advanced__c0.3__hl8.0,2023,0.8481458286798479,0.4971383022996302,0.1688418014256412,0.6195445920303605,0.027241042645810933,0.6256292303613943,1054,advanced,0.3,8.0
advanced__c0.3__hl12.0,2023,0.8472264845974979,0.49647049155317124,0.16853251851697584,0.6223908918406073,0.031219574100395636,0.624998947897318,1054,advanced,0.3,12.0
advanced__c1.0__hl4.0,2023,0.851807718872963,0.4996227133982646,0.16977837340491742,0.6195445920303605,0.04658342481489474,0.6290468542018961,1054,advanced,1.0,4.0
advanced__c1.0__hl8.0,2023,0.8481015046384104,0.4970137373125122,0.1687586125360166,0.6195445920303605,0.03257827703212859,0.6261624620985184,1054,advanced,1.0,8.0
advanced__c1.0__hl12.0,2023,0.8471724093532292,0.49632743005394075,0.168454721472914,0.6233396584440227,0.0301107223299584,0.6251310567446756,1054,advanced,1.0,12.0
compact__c0.03__hl4.0,2023,0.8528461652290101,0.499912065110073,0.17011054891303354,0.618595825426945,0.023174519783467806,0.6268668886784751,1054,compact,0.03,4.0
compact__c0.03__hl8.0,2023,0.8505387149135989,0.49802296217328923,0.16937356539668968,0.6138519924098672,0.018553432040710936,0.6266450593639757,1054,compact,0.03,8.0
compact__c0.03__hl12.0,2023,0.8497392306405092,0.49738944765449294,0.16912396274057878,0.6176470588235294,0.02564382466484043,0.6271257742609073,1054,compact,0.03,12.0
compact__c0.1__hl4.0,2023,0.8532013733970527,0.5000817596717717,0.1701235285595196,0.6148007590132827,0.018534304661182093,0.6284570155667499,1054,compact,0.1,4.0
compact__c0.1__hl8.0,2023,0.8511839601319263,0.4983804758949027,0.1694622118739257,0.618595825426945,0.028232288988155857,0.6278610290307726,1054,compact,0.1,8.0
compact__c0.1__hl12.0,2023,0.8505307366110642,0.49783879851529567,0.1692491252645445,0.6195445920303605,0.021236089635318242,0.6283721686246739,1054,compact,0.1,12.0
compact__c0.3__hl4.0,2023,0.8531105082815401,0.49993032193921094,0.17002796102921722,0.6148007590132827,0.02519383828960546,0.629022804289048,1054,compact,0.3,4.0
compact__c0.3__hl8.0,2023,0.8511649244675984,0.4983128400033415,0.16940966278105435,0.6166982922201139,0.025044152285431366,0.628517279927458,1054,compact,0.3,8.0
compact__c0.3__hl12.0,2023,0.8506331165848485,0.4978383159651773,0.16922922864107504,0.6166982922201139,0.02571565914377451,0.628804836378772,1054,compact,0.3,12.0
compact__c1.0__hl4.0,2023,0.8534987283085108,0.5000764622583218,0.17006965065599006,0.6138519924098672,0.026058396708166474,0.6293406137324886,1054,compact,1.0,4.0
compact__c1.0__hl8.0,2023,0.8514236228679354,0.49838810076836565,0.1694316223587092,0.6138519924098672,0.030153126825485797,0.628485716507708,1054,compact,1.0,8.0
compact__c1.0__hl12.0,2023,0.8512168018556601,0.49811716403964146,0.16931782948663954,0.6157495256166983,0.032261640358996625,0.6288883972521102,1054,compact,1.0,12.0
class_prior,2024,1.063171348225615,0.6421302967832245,0.22747417526101385,0.4613506916192026,0.024045364642995504,0.4853960562621981,1229,baseline,,
elo_logistic,2024,0.9162835858234261,0.5409448430094825,0.17856767863179648,0.5817737998372661,0.04356023172894419,0.6059495545622864,1229,baseline,,
base__c0.03__hl4.0,2024,0.8996920980994535,0.5301044354203638,0.17418032676770423,0.5907241659886087,0.041414342070908064,0.6123566581474299,1229,base,0.03,4.0
base__c0.03__hl8.0,2024,0.9004009601645019,0.5304749205385557,0.1742502883143408,0.5858421480878763,0.042950202257447945,0.6134009719387816,1229,base,0.03,8.0
base__c0.03__hl12.0,2024,0.9010979871613246,0.530939954647775,0.17440248516416978,0.5858421480878763,0.043997578889164383,0.6142228581693873,1229,base,0.03,12.0
base__c0.1__hl4.0,2024,0.8990630876501875,0.5294743559098537,0.17388221901074127,0.5907241659886087,0.04282818836449563,0.6137201257691287,1229,base,0.1,4.0
base__c0.1__hl8.0,2024,0.8997750374604605,0.5298911280856701,0.17396320985816408,0.5866558177379984,0.037498197006832844,0.6148432562479762,1229,base,0.1,8.0
base__c0.1__hl12.0,2024,0.9003733360838732,0.5303109376423015,0.1741020879333363,0.5858421480878763,0.043451238361204236,0.615722748307579,1229,base,0.1,12.0
base__c0.3__hl4.0,2024,0.8984538846019781,0.5289370214247209,0.17364299893385401,0.5866558177379984,0.04017536056579039,0.61437076651132,1229,base,0.3,4.0
base__c0.3__hl8.0,2024,0.8990582265147722,0.5292995640309702,0.17370963373132375,0.5834011391375101,0.037909251153546104,0.6154785892984584,1229,base,0.3,8.0
base__c0.3__hl12.0,2024,0.8998072283930584,0.529815419875898,0.17388792784158408,0.5850284784377543,0.04107354307698821,0.616535820023608,1229,base,0.3,12.0
base__c1.0__hl4.0,2024,0.8984194939404854,0.5288292350148235,0.17359642061896072,0.5890968266883645,0.04248197379027011,0.6149125459761753,1229,base,1.0,4.0
base__c1.0__hl8.0,2024,0.8988975913166627,0.5291095221824149,0.17360965737009051,0.5874694873881204,0.04499143648360154,0.6159288919654081,1229,base,1.0,8.0
base__c1.0__hl12.0,2024,0.8993897336421793,0.5294511300214949,0.17372045327834876,0.5850284784377543,0.04204271244228012,0.6168309267243267,1229,base,1.0,12.0
advanced__c0.03__hl4.0,2024,0.8994710596095736,0.5310770439649606,0.17474438855112823,0.5899104963384866,0.03537077785123701,0.6135535426773933,1229,advanced,0.03,4.0
advanced__c0.03__hl8.0,2024,0.8999547059584372,0.5313786289462176,0.17471438898090325,0.5931651749389748,0.04130579569247834,0.612909176431955,1229,advanced,0.03,8.0
advanced__c0.03__hl12.0,2024,0.900684321126267,0.531844935406879,0.1748307621059692,0.5923515052888527,0.04389494367923938,0.612479644696067,1229,advanced,0.03,12.0
advanced__c0.1__hl4.0,2024,0.8989672092404626,0.5308405199002418,0.17458241470400745,0.5874694873881204,0.03594049366589053,0.6155162428640849,1229,advanced,0.1,4.0
advanced__c0.1__hl8.0,2024,0.8994373475486795,0.5311175362296551,0.1745546925848962,0.5923515052888527,0.04073808740827395,0.615104786645871,1229,advanced,0.1,8.0
advanced__c0.1__hl12.0,2024,0.9001997326230846,0.5316015897781712,0.17469539229609252,0.5923515052888527,0.043777203250322895,0.6144692719040841,1229,advanced,0.1,12.0
advanced__c0.3__hl4.0,2024,0.8983803103780981,0.5305904841851286,0.1744453397825055,0.5874694873881204,0.031323259861979355,0.6168045733387126,1229,advanced,0.3,4.0
advanced__c0.3__hl8.0,2024,0.8990406342393499,0.5309315868729061,0.17445948791143856,0.5899104963384866,0.038084866448167255,0.6163601599767837,1229,advanced,0.3,8.0
advanced__c0.3__hl12.0,2024,0.8998671616370588,0.5314362789900091,0.17458784775129063,0.5931651749389748,0.04245662029621556,0.6160533196445046,1229,advanced,0.3,12.0
advanced__c1.0__hl4.0,2024,0.8982546475054589,0.5305573977382242,0.1744152711047432,0.5874694873881204,0.03416489608184694,0.6173753180926231,1229,advanced,1.0,4.0
advanced__c1.0__hl8.0,2024,0.89850433713653,0.530623107370074,0.17430157148227557,0.5947925142392189,0.04227719155157526,0.6169919736403605,1229,advanced,1.0,8.0
advanced__c1.0__hl12.0,2024,0.8994042194158858,0.5311625606331006,0.174466740387004,0.5947925142392189,0.04043595495754183,0.6168249194192627,1229,advanced,1.0,12.0
compact__c0.03__hl4.0,2024,0.899638139287367,0.5312544383932265,0.17494183594653812,0.5947925142392189,0.03936788169496998,0.6138503251264082,1229,compact,0.03,4.0
compact__c0.03__hl8.0,2024,0.8992657508666445,0.5310268602518932,0.17463647314144132,0.595606183889341,0.04953220189251634,0.615492323279997,1229,compact,0.03,8.0
compact__c0.03__hl12.0,2024,0.8996505552073688,0.5312878525786902,0.17463611965968265,0.596419853539463,0.05273243286571396,0.6162817570753601,1229,compact,0.03,12.0
compact__c0.1__hl4.0,2024,0.8990983500380916,0.5309545824176475,0.17481347671510303,0.5923515052888527,0.036785227209581654,0.6155534109510234,1229,compact,0.1,4.0
compact__c0.1__hl8.0,2024,0.8987426007282797,0.5307332383417305,0.1745056928029433,0.5923515052888527,0.04404915882555374,0.6175031990029651,1229,compact,0.1,8.0
compact__c0.1__hl12.0,2024,0.8991018881261487,0.5309771047393854,0.17449356017495657,0.595606183889341,0.048919065133827405,0.618504456522987,1229,compact,0.1,12.0
compact__c0.3__hl4.0,2024,0.8982058554246818,0.5304212394787947,0.17457344466924524,0.5923515052888527,0.03472033672627153,0.6167035010084725,1229,compact,0.3,4.0
compact__c0.3__hl8.0,2024,0.898030406221682,0.5303006982369943,0.1743111005318783,0.5931651749389748,0.03951621707046277,0.618611319858179,1229,compact,0.3,8.0
compact__c0.3__hl12.0,2024,0.8982729269462547,0.5304736073809548,0.1742691760310007,0.595606183889341,0.042486810102027185,0.6198948799772921,1229,compact,0.3,12.0
compact__c1.0__hl4.0,2024,0.8976897975144853,0.5300900147726272,0.17442905394113017,0.5923515052888527,0.03778643790148716,0.6176063660894968,1229,compact,1.0,4.0
compact__c1.0__hl8.0,2024,0.8973506533251873,0.5298962958283334,0.17413458527256795,0.5923515052888527,0.0346818769006428,0.6198281652757267,1229,compact,1.0,8.0
compact__c1.0__hl12.0,2024,0.8977913435877813,0.5301749157684457,0.17413719257286905,0.5939788445890968,0.03772304326212877,0.6210284177029666,1229,compact,1.0,12.0
